cultivo,anio,campania,provincia,provincia_id,departamento,departamento_id,superficie_sembrada_ha,superficie_cosechada_ha,produccion_tm,rendimiento_kgxha
maíz,1969,1969/1970,Chaco,22.0,San Lorenzo,22147.0,300,250,150,600
maíz,1969,1969/1970,Santa Fe,82.0,Caseros,82014.0,140000,134800,432500,3208
maíz,1969,1969/1970,Santa Fe,82.0,Villa Constitución,82028.0,106000,105200,375000,3565
maíz,1969,1969/1970,Santa Fe,82.0,Rosario,82084.0,41000,40500,145000,3580
maíz,1969,1969/1970,Santa Fe,82.0,San Lorenzo,82119.0,53000,51000,183000,3588
maíz,1970,1970/1971,Chaco,22.0,San Lorenzo,22147.0,300,150,90,600
maíz,1970,1970/1971,Santa Fe,82.0,Caseros,82014.0,136000,130000,477000,3669
maíz,1970,1970/1971,Santa Fe,82.0,Rosario,82084.0,47000,44000,158000,3591
maíz,1970,1970/1971,Santa Fe,82.0,Villa Constitución,82028.0,120000,117000,428000,3658
maíz,1970,1970/1971,Santa Fe,82.0,San Lorenzo,82119.0,60000,58000,198000,3414
maíz,1971,1971/1972,Santa Fe,82.0,San Lorenzo,82119.0,63000,60000,140000,2333
maíz,1971,1971/1972,Chaco,22.0,San Lorenzo,22147.0,200,200,100,500
maíz,1971,1971/1972,Santa Fe,82.0,Caseros,82014.0,155000,152000,349600,2300
maíz,1971,1971/1972,Santa Fe,82.0,Rosario,82084.0,49000,48000,118400,2467
maíz,1971,1971/1972,Santa Fe,82.0,Villa Constitución,82028.0,125000,122000,285000,2336
maíz,1972,1972/1973,Chaco,22.0,San Lorenzo,22147.0,200,200,120,600
maíz,1972,1972/1973,Santa Fe,82.0,San Lorenzo,82119.0,53000,51700,190000,3675
maíz,1972,1972/1973,Santa Fe,82.0,Caseros,82014.0,145000,143000,530000,3706
maíz,1972,1972/1973,Santa Fe,82.0,Villa Constitución,82028.0,108000,106000,410000,3868
maíz,1972,1972/1973,Santa Fe,82.0,Rosario,82084.0,37000,35200,128250,3643
maíz,1973,1973/1974,Chaco,22.0,San Lorenzo,22147.0,100,100,110,1100
maíz,1973,1973/1974,Santa Fe,82.0,Villa Constitución,82028.0,104000,102500,402000,3922
maíz,1973,1973/1974,Santa Fe,82.0,Caseros,82014.0,120000,118000,436500,3699
maíz,1973,1973/1974,Santa Fe,82.0,Rosario,82084.0,35500,33200,109000,3283
maíz,1973,1973/1974,Santa Fe,82.0,San Lorenzo,82119.0,51000,49500,162000,3273
maíz,1974,1974/1975,Chaco,22.0,San Lorenzo,22147.0,100,100,70,700
maíz,1974,1974/1975,Santa Fe,82.0,Caseros,82014.0,122000,119000,375000,3151
maíz,1974,1974/1975,Santa Fe,82.0,Villa Constitución,82028.0,107000,105000,346500,3300
maíz,1974,1974/1975,Santa Fe,82.0,Rosario,82084.0,36500,35400,93850,2651
maíz,1974,1974/1975,Santa Fe,82.0,San Lorenzo,82119.0,52000,51000,132600,2600
maíz,1975,1975/1976,Santa Fe,82.0,Villa Constitución,82028.0,114000,108000,180660,1673
maíz,1975,1975/1976,Santa Fe,82.0,Caseros,82014.0,129000,122000,256000,2098
maíz,1975,1975/1976,Santa Fe,82.0,Rosario,82084.0,38300,34000,49260,1449
maíz,1975,1975/1976,Santa Fe,82.0,San Lorenzo,82119.0,55000,50000,75000,1500
maíz,1976,1976/1977,Santa Fe,82.0,Caseros,82014.0,75000,69000,332000,4812
maíz,1976,1976/1977,Santa Fe,82.0,Villa Constitución,82028.0,55000,54500,247250,4537
maíz,1976,1976/1977,Santa Fe,82.0,Rosario,82084.0,12800,12200,54900,4500
maíz,1976,1976/1977,Santa Fe,82.0,San Lorenzo,82119.0,24000,22300,100900,4525
maíz,1977,1977/1978,Santa Fe,82.0,Caseros,82014.0,73000,69000,365700,5300
maíz,1977,1977/1978,Santa Fe,82.0,Villa Constitución,82028.0,48000,47000,253160,5386
maíz,1977,1977/1978,Santa Fe,82.0,Rosario,82084.0,10500,9700,50260,5181
maíz,1977,1977/1978,Santa Fe,82.0,San Lorenzo,82119.0,21000,20200,107060,5300
maíz,1977,1977/1978,Chaco,22.0,San Lorenzo,22147.0,450,450,400,889
maíz,1978,1978/1979,Santa Fe,82.0,Villa Constitución,82028.0,43500,42000,189000,4500
maíz,1978,1978/1979,Santa Fe,82.0,Rosario,82084.0,11000,10000,40000,4000
maíz,1978,1978/1979,Santa Fe,82.0,Caseros,82014.0,87000,83000,373000,4494
maíz,1978,1978/1979,Santa Fe,82.0,San Lorenzo,82119.0,22000,21000,88070,4194
maíz,1978,1978/1979,Chaco,22.0,San Lorenzo,22147.0,900,900,1200,1333
maíz,1979,1979/1980,Chaco,22.0,San Lorenzo,22147.0,800,800,1400,1750
maíz,1979,1979/1980,Santa Fe,82.0,Villa Constitución,82028.0,35000,34000,129200,3800
maíz,1979,1979/1980,Santa Fe,82.0,Caseros,82014.0,75000,73500,271950,3700
maíz,1979,1979/1980,Santa Fe,82.0,Rosario,82084.0,7500,7200,27360,3800
maíz,1979,1979/1980,Santa Fe,82.0,San Lorenzo,82119.0,18000,17200,63640,3700
maíz,1980,1980/1981,Chaco,22.0,San Lorenzo,22147.0,600,500,550,1100
maíz,1980,1980/1981,Santa Fe,82.0,Rosario,82084.0,15000,14000,71320,5094
maíz,1980,1980/1981,Santa Fe,82.0,Villa Constitución,82028.0,50500,49500,267300,5400
maíz,1980,1980/1981,Santa Fe,82.0,San Lorenzo,82119.0,25000,24000,127965,5332
maíz,1980,1980/1981,Santa Fe,82.0,Caseros,82014.0,80000,79300,436150,5500
maíz,1981,1981/1982,Chaco,22.0,San Lorenzo,22147.0,2500,2500,5500,2200
maíz,1981,1981/1982,Santa Fe,82.0,Caseros,82014.0,75000,74200,319060,4300
maíz,1981,1981/1982,Santa Fe,82.0,Villa Constitución,82028.0,55000,54000,223480,4139
maíz,1981,1981/1982,Santa Fe,82.0,Rosario,82084.0,11100,10075,40300,4000
maíz,1981,1981/1982,Santa Fe,82.0,San Lorenzo,82119.0,22000,21000,91835,4373
maíz,1982,1982/1983,Santa Fe,82.0,Villa Constitución,82028.0,50000,47000,150200,3196
maíz,1982,1982/1983,Santa Fe,82.0,Caseros,82014.0,85000,78800,256000,3249
maíz,1982,1982/1983,Santa Fe,82.0,Rosario,82084.0,9500,6000,12600,2100
maíz,1982,1982/1983,Santa Fe,82.0,San Lorenzo,82119.0,20000,15500,29930,1931
maíz,1982,1982/1983,Chaco,22.0,San Lorenzo,22147.0,500,500,700,1400
maíz,1983,1983/1984,Chaco,22.0,San Lorenzo,22147.0,400,400,576,1440
maíz,1983,1983/1984,Santa Fe,82.0,Caseros,82014.0,72000,70000,210000,3000
maíz,1983,1983/1984,Santa Fe,82.0,Rosario,82084.0,7000,6200,17360,2800
maíz,1983,1983/1984,Santa Fe,82.0,Villa Constitución,82028.0,43000,42500,136000,3200
maíz,1983,1983/1984,Santa Fe,82.0,San Lorenzo,82119.0,16500,15700,48690,3101
maíz,1984,1984/1985,Chaco,22.0,San Lorenzo,22147.0,500,450,760,1689
maíz,1984,1984/1985,Santa Fe,82.0,Villa Constitución,82028.0,38000,38000,140000,3684
maíz,1984,1984/1985,Santa Fe,82.0,Caseros,82014.0,70000,70000,315000,4500
maíz,1984,1984/1985,Santa Fe,82.0,Rosario,82084.0,6000,6000,19200,3200
maíz,1984,1984/1985,Santa Fe,82.0,San Lorenzo,82119.0,15000,15000,52500,3500
maíz,1985,1985/1986,Santa Fe,82.0,Rosario,82084.0,7000,7000,33800,4829
maíz,1985,1985/1986,Chaco,22.0,San Lorenzo,22147.0,350,350,390,1114
maíz,1985,1985/1986,Santa Fe,82.0,Caseros,82014.0,75000,75000,359000,4787
maíz,1985,1985/1986,Santa Fe,82.0,San Lorenzo,82119.0,17000,17000,83300,4900
maíz,1985,1985/1986,Santa Fe,82.0,Villa Constitución,82028.0,43000,43000,207200,4819
maíz,1986,1986/1987,Chaco,22.0,San Lorenzo,22147.0,400,400,600,1500
maíz,1986,1986/1987,Santa Fe,82.0,Caseros,82014.0,78000,77200,293360,3800
maíz,1986,1986/1987,Santa Fe,82.0,Villa Constitución,82028.0,45500,44800,170240,3800
maíz,1986,1986/1987,Santa Fe,82.0,Rosario,82084.0,7500,7000,25900,3700
maíz,1986,1986/1987,Santa Fe,82.0,San Lorenzo,82119.0,18000,17500,64690,3697
maíz,1987,1987/1988,Santa Fe,82.0,Rosario,82084.0,4000,4000,18000,4500
maíz,1987,1987/1988,Santa Fe,82.0,San Lorenzo,82119.0,12000,12000,51600,4300
maíz,1987,1987/1988,Chaco,22.0,San Lorenzo,22147.0,450,450,890,1978
maíz,1987,1987/1988,Santa Fe,82.0,Villa Constitución,82028.0,26000,26000,112500,4327
maíz,1987,1987/1988,Santa Fe,82.0,Caseros,82014.0,51500,51500,226600,4400
maíz,1988,1988/1989,Santa Fe,82.0,Villa Constitución,82028.0,22500,14000,34000,2429
maíz,1988,1988/1989,Santa Fe,82.0,Caseros,82014.0,42000,27000,60000,2222
maíz,1988,1988/1989,Santa Fe,82.0,Rosario,82084.0,3500,3000,6000,2000
maíz,1988,1988/1989,Santa Fe,82.0,San Lorenzo,82119.0,8500,6500,13000,2000
maíz,1988,1988/1989,Chaco,22.0,San Lorenzo,22147.0,400,400,500,1250
maíz,1989,1989/1990,Chaco,22.0,San Lorenzo,22147.0,300,300,450,1500
maíz,1989,1989/1990,Santa Fe,82.0,Villa Constitución,82028.0,14000,14000,39200,2800
maíz,1989,1989/1990,Santa Fe,82.0,Caseros,82014.0,25000,25000,67500,2700
maíz,1989,1989/1990,Santa Fe,82.0,Rosario,82084.0,2500,2500,6700,2680
maíz,1989,1989/1990,Santa Fe,82.0,San Lorenzo,82119.0,5500,5500,14300,2600
maíz,1990,1990/1991,Santa Fe,82.0,Caseros,82014.0,25000,25000,107500,4300
maíz,1990,1990/1991,Santa Fe,82.0,Rosario,82084.0,1500,1500,6800,4533
maíz,1990,1990/1991,Santa Fe,82.0,Villa Constitución,82028.0,16000,16000,67200,4200
maíz,1990,1990/1991,Santa Fe,82.0,San Lorenzo,82119.0,5000,5000,23000,4600
maíz,1991,1991/1992,Santa Fe,82.0,Villa Constitución,82028.0,20000,19300,108100,5601
maíz,1991,1991/1992,Santa Fe,82.0,Caseros,82014.0,38000,31000,176700,5700
maíz,1991,1991/1992,Santa Fe,82.0,Rosario,82084.0,3000,3000,18000,6000
maíz,1991,1991/1992,Santa Fe,82.0,San Lorenzo,82119.0,11000,10700,62100,5804
maíz,1992,1992/1993,Santa Fe,82.0,Caseros,82014.0,44000,44000,228800,5200
maíz,1992,1992/1993,Santa Fe,82.0,Villa Constitución,82028.0,24000,24000,122400,5100
maíz,1992,1992/1993,Santa Fe,82.0,Rosario,82084.0,4000,4000,22400,5600
maíz,1992,1992/1993,Santa Fe,82.0,San Lorenzo,82119.0,14000,14000,81200,5800
maíz,1993,1993/1994,Chaco,22.0,San Lorenzo,22147.0,150,150,300,2000
maíz,1993,1993/1994,Santa Fe,82.0,Villa Constitución,82028.0,23000,23000,116200,5052
maíz,1993,1993/1994,Santa Fe,82.0,Caseros,82014.0,43500,43200,220300,5100
maíz,1993,1993/1994,Santa Fe,82.0,Rosario,82084.0,5500,5500,28300,5145
maíz,1993,1993/1994,Santa Fe,82.0,San Lorenzo,82119.0,16000,16000,81600,5100
maíz,1994,1994/1995,Santa Fe,82.0,Rosario,82084.0,7000,7000,41300,5900
maíz,1994,1994/1995,Santa Fe,82.0,San Lorenzo,82119.0,10000,10000,61000,6100
maíz,1994,1994/1995,Chaco,22.0,San Lorenzo,22147.0,150,150,300,2000
maíz,1994,1994/1995,Santa Fe,82.0,Villa Constitución,82028.0,24000,24000,139200,5800
maíz,1994,1994/1995,Santa Fe,82.0,Caseros,82014.0,35000,35000,199500,5700
maíz,1995,1995/1996,Santa Fe,82.0,Villa Constitución,82028.0,39500,39500,214500,5430
maíz,1995,1995/1996,Santa Fe,82.0,Caseros,82014.0,45000,44300,228600,5160
maíz,1995,1995/1996,Chaco,22.0,San Lorenzo,22147.0,3000,3000,7500,2500
maíz,1995,1995/1996,Santa Fe,82.0,Rosario,82084.0,7500,7500,38600,5147
maíz,1995,1995/1996,Santa Fe,82.0,San Lorenzo,82119.0,9500,8700,41300,4747
maíz,1996,1996/1997,Chaco,22.0,San Lorenzo,22147.0,3000,3000,6300,2100
maíz,1996,1996/1997,Santa Fe,82.0,Villa Constitución,82028.0,46000,46000,262700,5711
maíz,1996,1996/1997,Santa Fe,82.0,Caseros,82014.0,74000,73850,314600,4260
maíz,1996,1996/1997,Santa Fe,82.0,Rosario,82084.0,14000,14000,51100,3650
maíz,1996,1996/1997,Santa Fe,82.0,San Lorenzo,82119.0,17000,17000,72900,4288
maíz,1997,1997/1998,Santa Fe,82.0,San Lorenzo,82119.0,15000,15000,107300,7153
maíz,1997,1997/1998,Chaco,22.0,San Lorenzo,22147.0,2000,1500,5300,3533
maíz,1997,1997/1998,Santa Fe,82.0,Rosario,82084.0,11000,11000,79200,7200
maíz,1997,1997/1998,Santa Fe,82.0,Caseros,82014.0,46000,46000,335800,7300
maíz,1997,1997/1998,Santa Fe,82.0,Villa Constitución,82028.0,39000,39000,292500,7500
maíz,1998,1998/1999,Chaco,22.0,San Lorenzo,22147.0,3000,2000,4800,2400
maíz,1998,1998/1999,Santa Fe,82.0,Villa Constitución,82028.0,37000,37000,259000,7000
maíz,1998,1998/1999,Santa Fe,82.0,Caseros,82014.0,39000,39000,259400,6651
maíz,1998,1998/1999,Santa Fe,82.0,Rosario,82084.0,10000,10000,65400,6540
maíz,1998,1998/1999,Santa Fe,82.0,San Lorenzo,82119.0,13500,13500,99900,7400
maíz,1999,1999/2000,Chaco,22.0,San Lorenzo,22147.0,3000,3000,10500,3500
maíz,1999,1999/2000,Santa Fe,82.0,Caseros,82014.0,45000,44500,195800,4400
maíz,1999,1999/2000,Santa Fe,82.0,Villa Constitución,82028.0,40000,40000,178000,4450
maíz,1999,1999/2000,Santa Fe,82.0,Rosario,82084.0,11000,11000,48400,4400
maíz,1999,1999/2000,Santa Fe,82.0,San Lorenzo,82119.0,15000,15000,61500,4100
maíz,2000,2000/2001,Santa Fe,82.0,Caseros,82014.0,33000,32500,176800,5440
maíz,2000,2000/2001,Chaco,22.0,San Lorenzo,22147.0,1500,1500,3000,2000
maíz,2000,2000/2001,Santa Fe,82.0,San Lorenzo,82119.0,11000,10000,61000,6100
maíz,2000,2000/2001,Santa Fe,82.0,Villa Constitución,82028.0,27000,26500,148400,5600
maíz,2000,2000/2001,Santa Fe,82.0,Rosario,82084.0,8000,7000,42000,6000
maíz,2001,2001/2002,Chaco,22.0,San Lorenzo,22147.0,1500,1500,4500,3000
maíz,2001,2001/2002,Santa Fe,82.0,Caseros,82014.0,28000,27000,186300,6900
maíz,2001,2001/2002,Santa Fe,82.0,Villa Constitución,82028.0,21000,20900,135850,6500
maíz,2001,2001/2002,Santa Fe,82.0,Rosario,82084.0,6000,5900,43660,7400
maíz,2001,2001/2002,Santa Fe,82.0,San Lorenzo,82119.0,8900,8800,69520,7900
maíz,2002,2002/2003,Chaco,22.0,San Lorenzo,22147.0,1500,1500,3900,2600
maíz,2002,2002/2003,Santa Fe,82.0,Villa Constitución,82028.0,19500,13500,87750,6500
maíz,2002,2002/2003,Santa Fe,82.0,Caseros,82014.0,26500,23500,152750,6500
maíz,2002,2002/2003,Santa Fe,82.0,Rosario,82084.0,5000,5000,32500,6500
maíz,2002,2002/2003,Santa Fe,82.0,San Lorenzo,82119.0,7500,7500,48750,6500
maíz,2003,2003/2004,Chaco,22.0,San Lorenzo,22147.0,1500,1435,4060,2829
maíz,2003,2003/2004,Santa Fe,82.0,Caseros,82014.0,26500,25200,214200,8500
maíz,2003,2003/2004,Santa Fe,82.0,Villa Constitución,82028.0,19500,18000,149400,8300
maíz,2003,2003/2004,Santa Fe,82.0,Rosario,82084.0,5000,4900,39690,8100
maíz,2003,2003/2004,Santa Fe,82.0,San Lorenzo,82119.0,7500,7450,60720,8150
maíz,2004,2004/2005,Chaco,22.0,San Lorenzo,22147.0,800,800,2000,2500
maíz,2004,2004/2005,Santa Fe,82.0,Caseros,82014.0,27800,26300,249850,9500
maíz,2004,2004/2005,Santa Fe,82.0,Villa Constitución,82028.0,20000,19580,176220,9000
maíz,2004,2004/2005,Santa Fe,82.0,Rosario,82084.0,5000,5000,45000,9000
maíz,2004,2004/2005,Santa Fe,82.0,San Lorenzo,82119.0,7600,7600,68400,9000
maíz,2005,2005/2006,Chaco,22.0,San Lorenzo,22147.0,1500,1500,4200,2800
maíz,2005,2005/2006,Santa Fe,82.0,San Lorenzo,82119.0,5780,5780,38150,6600
maíz,2005,2005/2006,Santa Fe,82.0,Caseros,82014.0,20015,18515,138860,7500
maíz,2005,2005/2006,Santa Fe,82.0,Villa Constitución,82028.0,16000,15620,85910,5500
maíz,2005,2005/2006,Santa Fe,82.0,Rosario,82084.0,3750,3750,19130,5101
maíz,2006,2006/2007,Santa Fe,82.0,Caseros,82014.0,19015,13015,132750,10200
maíz,2006,2006/2007,Santa Fe,82.0,Rosario,82084.0,3375,2975,27370,9200
maíz,2006,2006/2007,Chaco,22.0,San Lorenzo,22147.0,3000,2700,8370,3100
maíz,2006,2006/2007,Santa Fe,82.0,San Lorenzo,82119.0,5780,5380,54880,10201
maíz,2006,2006/2007,Santa Fe,82.0,Villa Constitución,82028.0,15200,15000,153000,10200
maíz,2007,2007/2008,Chaco,22.0,San Lorenzo,22147.0,2000,2000,6000,3000
maíz,2007,2007/2008,Santa Fe,82.0,Villa Constitución,82028.0,20000,20000,150000,7500
maíz,2007,2007/2008,Santa Fe,82.0,Caseros,82014.0,23700,23700,201450,8500
maíz,2007,2007/2008,Santa Fe,82.0,Rosario,82084.0,4600,4600,39100,8500
maíz,2007,2007/2008,Santa Fe,82.0,San Lorenzo,82119.0,7800,7800,70200,9000
maíz,2008,2008/2009,Chaco,22.0,San Lorenzo,22147.0,2400,1200,1920,1600
maíz,2008,2008/2009,Santa Fe,82.0,Villa Constitución,82028.0,14000,14000,104250,7446
maíz,2008,2008/2009,Santa Fe,82.0,Caseros,82014.0,16600,15600,109200,7000
maíz,2008,2008/2009,Santa Fe,82.0,Rosario,82084.0,3500,2900,13050,4500
maíz,2008,2008/2009,Santa Fe,82.0,San Lorenzo,82119.0,6200,5000,21000,4200
maíz,2009,2009/2010,Santa Fe,82.0,San Lorenzo,82119.0,10210,10210,108230,10600
maíz,2009,2009/2010,Chaco,22.0,San Lorenzo,22147.0,3200,2200,6160,2800
maíz,2009,2009/2010,Santa Fe,82.0,Villa Constitución,82028.0,13500,13500,135000,10000
maíz,2009,2009/2010,Santa Fe,82.0,Caseros,82014.0,28600,27450,301950,11000
maíz,2009,2009/2010,Santa Fe,82.0,Rosario,82084.0,4240,4240,42400,10000
maíz,2010,2010/2011,Chaco,22.0,San Lorenzo,22147.0,3000,1700,5630,3312
maíz,2010,2010/2011,Santa Fe,82.0,Villa Constitución,82028.0,15500,15500,137970,8901
maíz,2010,2010/2011,Santa Fe,82.0,Caseros,82014.0,34300,34300,312410,9108
maíz,2010,2010/2011,Santa Fe,82.0,Rosario,82084.0,5000,5000,42440,8488
maíz,2010,2010/2011,Santa Fe,82.0,San Lorenzo,82119.0,12000,12000,104330,8694
maíz,2011,2011/2012,Chaco,22.0,San Lorenzo,22147.0,2300,950,2660,2800
maíz,2011,2011/2012,Santa Fe,82.0,Caseros,82014.0,37500,37500,331880,8850
maíz,2011,2011/2012,Santa Fe,82.0,San Lorenzo,82119.0,13500,13500,119480,8850
maíz,2011,2011/2012,Santa Fe,82.0,Villa Constitución,82028.0,17000,15000,116100,7740
maíz,2011,2011/2012,Santa Fe,82.0,Rosario,82084.0,6000,6000,53100,8850
maíz,2012,2012/2013,Chaco,22.0,San Lorenzo,22147.0,1590,1390,2780,2000
maíz,2012,2012/2013,Santa Fe,82.0,Caseros,82014.0,43500,42700,392840,9200
maíz,2012,2012/2013,Santa Fe,82.0,Villa Constitución,82028.0,28600,28100,241660,8600
maíz,2012,2012/2013,Santa Fe,82.0,Rosario,82084.0,16100,15700,138160,8800
maíz,2012,2012/2013,Santa Fe,82.0,San Lorenzo,82119.0,20500,19500,175500,9000
maíz,2013,2013/2014,Chaco,22.0,San Lorenzo,22147.0,1000,850,5270,6200
maíz,2013,2013/2014,Santa Fe,82.0,Caseros,82014.0,35000,35000,297500,8500
maíz,2013,2013/2014,Santa Fe,82.0,Villa Constitución,82028.0,24300,24300,206550,8500
maíz,2013,2013/2014,Santa Fe,82.0,Rosario,82084.0,13600,13600,122400,9000
maíz,2013,2013/2014,Santa Fe,82.0,San Lorenzo,82119.0,17500,17500,148750,8500
maíz,2014,2014/2015,Chaco,22.0,San Lorenzo,22147.0,800,450,2070,4600
maíz,2014,2014/2015,Santa Fe,82.0,Caseros,82014.0,24250,21750,202275,9300
maíz,2014,2014/2015,Santa Fe,82.0,Villa Constitución,82028.0,20800,18600,172980,9300
maíz,2014,2014/2015,Santa Fe,82.0,Rosario,82084.0,10500,8700,80040,9200
maíz,2014,2014/2015,Santa Fe,82.0,San Lorenzo,82119.0,8400,6900,64170,9300
maíz,2015,2015/2016,Chaco,22.0,San Lorenzo,22147.0,1400,1290,6966,5400
maíz,2015,2015/2016,Santa Fe,82.0,Caseros,82014.0,32300,31950,277965,8700
maíz,2015,2015/2016,Santa Fe,82.0,San Lorenzo,82119.0,17100,16910,147117,8700
maíz,2015,2015/2016,Santa Fe,82.0,Villa Constitución,82028.0,16000,15800,137460,8700
maíz,2015,2015/2016,Santa Fe,82.0,Rosario,82084.0,12500,12300,104550,8500
maíz,2016,2016/2017,Chaco,22.0,San Lorenzo,22147.0,2500,2320,14384,6200
maíz,2016,2016/2017,Santa Fe,82.0,Villa Constitución,82028.0,30900,30700,251740,8200
maíz,2016,2016/2017,Santa Fe,82.0,Caseros,82014.0,23300,23150,194460,8400
maíz,2016,2016/2017,Santa Fe,82.0,Rosario,82084.0,12100,12000,96000,8000
maíz,2016,2016/2017,Santa Fe,82.0,San Lorenzo,82119.0,18800,18650,158525,8500
maíz,2017,2017/2018,Chaco,22.0,San Lorenzo,22147.0,2220,1968,9053,4600
maíz,2017,2017/2018,Santa Fe,82.0,Villa Constitución,82028.0,28400,28400,210160,7400
maíz,2017,2017/2018,Santa Fe,82.0,Caseros,82014.0,48200,48200,356680,7400
maíz,2017,2017/2018,Santa Fe,82.0,Rosario,82084.0,17500,17500,126000,7200
maíz,2017,2017/2018,Santa Fe,82.0,San Lorenzo,82119.0,22200,22200,164280,7400
maíz,2018,2018/2019,Chaco,22.0,San Lorenzo,22147.0,980,705,3173,4501
maíz,2018,2018/2019,Santa Fe,82.0,Villa Constitución,82028.0,30000,30000,291000,9700
maíz,2018,2018/2019,Santa Fe,82.0,Caseros,82014.0,40000,40000,388000,9700
maíz,2018,2018/2019,Santa Fe,82.0,Rosario,82084.0,17000,17000,164900,9700
maíz,2018,2018/2019,Santa Fe,82.0,San Lorenzo,82119.0,22000,22000,213400,9700
maíz,2019,2019/2020,Chaco,22.0,San Lorenzo,22147.0,980,770,4264,5538
maíz,2019,2019/2020,Santa Fe,82.0,Rosario,82084.0,25100,25100,174445,6950
maíz,2019,2019/2020,Santa Fe,82.0,San Lorenzo,82119.0,29900,29900,222755,7450
maíz,2019,2019/2020,Santa Fe,82.0,Villa Constitución,82028.0,45000,45000,335250,7450
maíz,2019,2019/2020,Santa Fe,82.0,Caseros,82014.0,60600,60600,554490,9150
maíz,2020,2020/2021,Chaco,22.0,San Lorenzo,22147.0,700,610,2562,4200
maíz,2020,2020/2021,Santa Fe,82.0,Caseros,82014.0,57700,57700,519300,9000
maíz,2020,2020/2021,Santa Fe,82.0,Villa Constitución,82028.0,43300,43300,368050,8500
maíz,2020,2020/2021,Santa Fe,82.0,Rosario,82084.0,30100,30100,246820,8200
maíz,2020,2020/2021,Santa Fe,82.0,San Lorenzo,82119.0,25400,25400,220980,8700
maíz,2021,2021/2022,Chaco,22.0,San Lorenzo,22147.0,450,373,1417,3799
maíz,2021,2021/2022,Santa Fe,82.0,Rosario,82084.0,39800,36800,165600,4500
maíz,2021,2021/2022,Santa Fe,82.0,Caseros,82014.0,75800,72300,484410,6700
maíz,2021,2021/2022,Santa Fe,82.0,Villa Constitución,82028.0,57800,52800,300960,5700
maíz,2021,2021/2022,Santa Fe,82.0,San Lorenzo,82119.0,34700,31900,169070,5300
maíz,2022,2022/2023,Chaco,22.0,San Lorenzo,22147.0,500,370,1110,3000
maíz,2022,2022/2023,Santa Fe,82.0,Rosario,82084.0,37800,19000,57000,3000
maíz,2022,2022/2023,Santa Fe,82.0,Villa Constitución,82028.0,56600,37600,112800,3000
maíz,2022,2022/2023,Santa Fe,82.0,Caseros,82014.0,70000,56000,207200,3700
maíz,2022,2022/2023,Santa Fe,82.0,San Lorenzo,82119.0,34000,25000,87500,3500
maíz,2023,2023/2024,Chaco,22.0,San Lorenzo,22147.0,1200,660,1188,1800
maíz,2023,2023/2024,Santa Fe,82.0,Caseros,82014.0,72000,72000,698400,9700
maíz,2023,2023/2024,Santa Fe,82.0,Rosario,82084.0,38000,38000,330600,8700
maíz,2023,2023/2024,Santa Fe,82.0,Villa Constitución,82028.0,57000,57000,513000,9000
maíz,2023,2023/2024,Santa Fe,82.0,San Lorenzo,82119.0,34000,34000,312800,9200
maíz,2024,2024/2025,Chaco,22.0,San Lorenzo,22147.0,1000,0,0,0
maíz,2024,2024/2025,Santa Fe,82.0,Villa Constitución,82028.0,36000,36000,331200,9200
maíz,2024,2024/2025,Santa Fe,82.0,San Lorenzo,82119.0,25000,25000,212500,8500
maíz,2024,2024/2025,Santa Fe,82.0,Caseros,82014.0,50400,50400,463680,9200
maíz,2024,2024/2025,Santa Fe,82.0,Rosario,82084.0,28000,28000,238000,8500
soja total,1969,1969/1970,Santa Fe,82.0,Villa Constitución,82028.0,700,700,870,1243
soja total,1969,1969/1970,Santa Fe,82.0,San Lorenzo,82119.0,600,500,500,1000
soja total,1969,1969/1970,Santa Fe,82.0,Caseros,82014.0,4500,2500,3000,1200
soja total,1969,1969/1970,Santa Fe,82.0,Rosario,82084.0,2500,2300,2540,1104
soja total,1970,1970/1971,Santa Fe,82.0,San Lorenzo,82119.0,800,800,1200,1500
soja total,1970,1970/1971,Santa Fe,82.0,Rosario,82084.0,2600,2500,4400,1760
soja total,1970,1970/1971,Santa Fe,82.0,Caseros,82014.0,5000,4700,8100,1723
soja total,1970,1970/1971,Santa Fe,82.0,Villa Constitución,82028.0,1200,1100,1700,1545
soja total,1971,1971/1972,Chaco,22.0,San Lorenzo,22147.0,50,50,25,500
soja total,1971,1971/1972,Santa Fe,82.0,Villa Constitución,82028.0,3600,3400,4114,1210
soja total,1971,1971/1972,Santa Fe,82.0,Caseros,82014.0,15000,14500,18125,1250
soja total,1971,1971/1972,Santa Fe,82.0,San Lorenzo,82119.0,3200,3000,3450,1150
soja total,1971,1971/1972,Santa Fe,82.0,Rosario,82084.0,10500,10000,10100,1010
soja total,1972,1972/1973,Chaco,22.0,San Lorenzo,22147.0,50,15,9,600
soja total,1972,1972/1973,Santa Fe,82.0,Rosario,82084.0,18500,17500,38000,2171
soja total,1972,1972/1973,Santa Fe,82.0,Villa Constitución,82028.0,13500,12500,26000,2080
soja total,1972,1972/1973,Santa Fe,82.0,Caseros,82014.0,40000,38000,76000,2000
soja total,1972,1972/1973,Santa Fe,82.0,San Lorenzo,82119.0,11500,10500,21000,2000
soja total,1973,1973/1974,Santa Fe,82.0,Caseros,82014.0,62000,58500,76000,1299
soja total,1973,1973/1974,Santa Fe,82.0,Villa Constitución,82028.0,22000,21000,30000,1429
soja total,1973,1973/1974,Santa Fe,82.0,Rosario,82084.0,28000,27000,37875,1403
soja total,1973,1973/1974,Chaco,22.0,San Lorenzo,22147.0,20,0,0,0
soja total,1973,1973/1974,Santa Fe,82.0,San Lorenzo,82119.0,21000,19500,23400,1200
soja total,1974,1974/1975,Chaco,22.0,San Lorenzo,22147.0,20,10,7,700
soja total,1974,1974/1975,Santa Fe,82.0,Villa Constitución,82028.0,39000,38000,54000,1421
soja total,1974,1974/1975,Santa Fe,82.0,Caseros,82014.0,67000,66000,94000,1424
soja total,1974,1974/1975,Santa Fe,82.0,Rosario,82084.0,41800,40770,55000,1349
soja total,1974,1974/1975,Santa Fe,82.0,San Lorenzo,82119.0,18000,17800,24897,1399
soja total,1975,1975/1976,Santa Fe,82.0,Caseros,82014.0,80000,79500,142000,1786
soja total,1975,1975/1976,Santa Fe,82.0,Villa Constitución,82028.0,44000,43800,80000,1826
soja total,1975,1975/1976,Santa Fe,82.0,Rosario,82084.0,47000,46490,86000,1850
soja total,1975,1975/1976,Santa Fe,82.0,San Lorenzo,82119.0,26000,24960,42500,1703
soja total,1976,1976/1977,Santa Fe,82.0,San Lorenzo,82119.0,47000,39000,104400,2677
soja total,1976,1976/1977,Santa Fe,82.0,Caseros,82014.0,143500,130000,328000,2523
soja total,1976,1976/1977,Santa Fe,82.0,Villa Constitución,82028.0,96000,95000,225000,2368
soja total,1976,1976/1977,Santa Fe,82.0,Rosario,82084.0,64500,60470,133000,2199
soja total,1977,1977/1978,Santa Fe,82.0,Villa Constitución,82028.0,124000,122000,288000,2361
soja total,1977,1977/1978,Santa Fe,82.0,Caseros,82014.0,168000,154500,381000,2466
soja total,1977,1977/1978,Santa Fe,82.0,Rosario,82084.0,78000,70600,170000,2408
soja total,1977,1977/1978,Santa Fe,82.0,San Lorenzo,82119.0,67000,65000,156000,2400
soja total,1978,1978/1979,Santa Fe,82.0,Villa Constitución,82028.0,150000,149000,387400,2600
soja total,1978,1978/1979,Santa Fe,82.0,Caseros,82014.0,180500,176500,451480,2558
soja total,1978,1978/1979,Santa Fe,82.0,Rosario,82084.0,85000,83000,215800,2600
soja total,1978,1978/1979,Santa Fe,82.0,San Lorenzo,82119.0,85000,84000,210252,2503
soja total,1978,1978/1979,Chaco,22.0,San Lorenzo,22147.0,30,30,40,1333
soja total,1979,1979/1980,Chaco,22.0,San Lorenzo,22147.0,20,10,7,700
soja total,1979,1979/1980,Santa Fe,82.0,Caseros,82014.0,180000,179200,317700,1773
soja total,1979,1979/1980,Santa Fe,82.0,Rosario,82084.0,95000,94200,187000,1985
soja total,1979,1979/1980,Santa Fe,82.0,Villa Constitución,82028.0,145000,144500,257450,1782
soja total,1979,1979/1980,Santa Fe,82.0,San Lorenzo,82119.0,92000,91500,174000,1902
soja total,1980,1980/1981,Santa Fe,82.0,Villa Constitución,82028.0,139200,137800,289000,2097
soja total,1980,1980/1981,Santa Fe,82.0,Caseros,82014.0,182000,180900,390000,2156
soja total,1980,1980/1981,Santa Fe,82.0,Rosario,82084.0,91200,89700,180000,2007
soja total,1980,1980/1981,Santa Fe,82.0,San Lorenzo,82119.0,81900,80260,160000,1994
soja total,1981,1981/1982,Santa Fe,82.0,Villa Constitución,82028.0,130000,126000,277200,2200
soja total,1981,1981/1982,Santa Fe,82.0,Caseros,82014.0,165000,160000,400000,2500
soja total,1981,1981/1982,Santa Fe,82.0,Rosario,82084.0,78600,74600,160440,2151
soja total,1981,1981/1982,Santa Fe,82.0,San Lorenzo,82119.0,76000,73300,161260,2200
soja total,1982,1982/1983,Santa Fe,82.0,Villa Constitución,82028.0,140000,138000,300000,2174
soja total,1982,1982/1983,Santa Fe,82.0,Caseros,82014.0,150000,140000,194000,1386
soja total,1982,1982/1983,Santa Fe,82.0,Rosario,82084.0,74500,66500,99750,1500
soja total,1982,1982/1983,Santa Fe,82.0,San Lorenzo,82119.0,75000,70000,93450,1335
soja total,1983,1983/1984,Santa Fe,82.0,San Lorenzo,82119.0,85000,84900,223000,2627
soja total,1983,1983/1984,Santa Fe,82.0,Rosario,82084.0,81500,81000,208000,2568
soja total,1983,1983/1984,Santa Fe,82.0,Caseros,82014.0,195000,192500,495400,2574
soja total,1983,1983/1984,Santa Fe,82.0,Villa Constitución,82028.0,165000,164500,440000,2675
soja total,1984,1984/1985,Santa Fe,82.0,Caseros,82014.0,206000,206000,430500,2090
soja total,1984,1984/1985,Santa Fe,82.0,Villa Constitución,82028.0,171000,171000,357000,2088
soja total,1984,1984/1985,Santa Fe,82.0,Rosario,82084.0,90000,90000,189000,2100
soja total,1984,1984/1985,Santa Fe,82.0,San Lorenzo,82119.0,94000,90000,198000,2200
soja total,1985,1985/1986,Santa Fe,82.0,Rosario,82084.0,91000,91000,183850,2020
soja total,1985,1985/1986,Santa Fe,82.0,Caseros,82014.0,195000,195000,408500,2095
soja total,1985,1985/1986,Santa Fe,82.0,Villa Constitución,82028.0,172500,172500,375370,2176
soja total,1985,1985/1986,Santa Fe,82.0,San Lorenzo,82119.0,96000,96000,195600,2038
soja total,1986,1986/1987,Santa Fe,82.0,San Lorenzo,82119.0,103000,101300,203000,2004
soja total,1986,1986/1987,Chaco,22.0,San Lorenzo,22147.0,50,50,65,1300
soja total,1986,1986/1987,Santa Fe,82.0,Rosario,82084.0,96000,93800,188000,2004
soja total,1986,1986/1987,Santa Fe,82.0,Caseros,82014.0,212000,204500,390000,1907
soja total,1986,1986/1987,Santa Fe,82.0,Villa Constitución,82028.0,188000,182200,354000,1943
soja total,1987,1987/1988,Santa Fe,82.0,Caseros,82014.0,240000,240000,585000,2438
soja total,1987,1987/1988,Santa Fe,82.0,Villa Constitución,82028.0,210000,210000,517300,2463
soja total,1987,1987/1988,Santa Fe,82.0,San Lorenzo,82119.0,117000,117000,282800,2417
soja total,1987,1987/1988,Santa Fe,82.0,Rosario,82084.0,105000,105000,258400,2461
soja total,1988,1988/1989,Chaco,22.0,San Lorenzo,22147.0,800,800,1000,1250
soja total,1988,1988/1989,Santa Fe,82.0,Villa Constitución,82028.0,205500,175100,300000,1713
soja total,1988,1988/1989,Santa Fe,82.0,Caseros,82014.0,244000,201000,310000,1542
soja total,1988,1988/1989,Santa Fe,82.0,Rosario,82084.0,100000,92000,150000,1630
soja total,1988,1988/1989,Santa Fe,82.0,San Lorenzo,82119.0,120000,110000,170000,1545
soja total,1989,1989/1990,Santa Fe,82.0,Rosario,82084.0,110000,110000,250000,2273
soja total,1989,1989/1990,Santa Fe,82.0,Villa Constitución,82028.0,220000,220000,506000,2300
soja total,1989,1989/1990,Santa Fe,82.0,Caseros,82014.0,260000,256000,604600,2362
soja total,1989,1989/1990,Santa Fe,82.0,San Lorenzo,82119.0,133000,133000,315000,2368
soja total,1989,1989/1990,Chaco,22.0,San Lorenzo,22147.0,800,800,1000,1250
soja total,1990,1990/1991,Chaco,22.0,San Lorenzo,22147.0,300,300,500,1667
soja total,1990,1990/1991,Santa Fe,82.0,San Lorenzo,82119.0,142500,142000,364200,2565
soja total,1990,1990/1991,Santa Fe,82.0,Villa Constitución,82028.0,190000,168500,424600,2520
soja total,1990,1990/1991,Santa Fe,82.0,Caseros,82014.0,279000,277500,657400,2369
soja total,1990,1990/1991,Santa Fe,82.0,Rosario,82084.0,133500,133500,340400,2550
soja total,1991,1991/1992,Chaco,22.0,San Lorenzo,22147.0,500,500,1000,2000
soja total,1991,1991/1992,Santa Fe,82.0,Villa Constitución,82028.0,170000,169400,430400,2541
soja total,1991,1991/1992,Santa Fe,82.0,Caseros,82014.0,280000,278700,652300,2341
soja total,1991,1991/1992,Santa Fe,82.0,Rosario,82084.0,141000,140800,361700,2569
soja total,1991,1991/1992,Santa Fe,82.0,San Lorenzo,82119.0,153000,152100,403500,2653
soja total,1992,1992/1993,Chaco,22.0,San Lorenzo,22147.0,700,700,1300,1857
soja total,1992,1992/1993,Santa Fe,82.0,Villa Constitución,82028.0,149000,146500,368400,2515
soja total,1992,1992/1993,Santa Fe,82.0,Caseros,82014.0,245000,231500,485200,2096
soja total,1992,1992/1993,Santa Fe,82.0,Rosario,82084.0,137000,137000,361700,2640
soja total,1992,1992/1993,Santa Fe,82.0,San Lorenzo,82119.0,144000,144000,367200,2550
soja total,1993,1993/1994,Chaco,22.0,San Lorenzo,22147.0,1000,1000,1500,1500
soja total,1993,1993/1994,Santa Fe,82.0,Caseros,82014.0,250000,249000,547400,2198
soja total,1993,1993/1994,Santa Fe,82.0,Rosario,82084.0,147000,147000,357500,2432
soja total,1993,1993/1994,Santa Fe,82.0,Villa Constitución,82028.0,164000,164000,373400,2277
soja total,1993,1993/1994,Santa Fe,82.0,San Lorenzo,82119.0,163000,163000,391400,2401
soja total,1994,1994/1995,Chaco,22.0,San Lorenzo,22147.0,1800,1800,2400,1333
soja total,1994,1994/1995,Santa Fe,82.0,Villa Constitución,82028.0,176000,175300,428900,2447
soja total,1994,1994/1995,Santa Fe,82.0,Caseros,82014.0,274000,273200,659300,2413
soja total,1994,1994/1995,Santa Fe,82.0,San Lorenzo,82119.0,182000,181500,457600,2521
soja total,1994,1994/1995,Santa Fe,82.0,Rosario,82084.0,176000,176000,436500,2480
soja total,1995,1995/1996,Chaco,22.0,San Lorenzo,22147.0,1000,1000,1440,1440
soja total,1995,1995/1996,Santa Fe,82.0,Caseros,82014.0,275000,273500,598900,2190
soja total,1995,1995/1996,Santa Fe,82.0,Villa Constitución,82028.0,196000,196000,464600,2370
soja total,1995,1995/1996,Santa Fe,82.0,Rosario,82084.0,180000,180000,433800,2410
soja total,1995,1995/1996,Santa Fe,82.0,San Lorenzo,82119.0,183000,174500,391500,2244
soja total,1996,1996/1997,Chaco,22.0,San Lorenzo,22147.0,4000,4000,7600,1900
soja total,1996,1996/1997,Santa Fe,82.0,Caseros,82014.0,222000,216500,426000,1968
soja total,1996,1996/1997,Santa Fe,82.0,Villa Constitución,82028.0,182000,176000,334400,1900
soja total,1996,1996/1997,Santa Fe,82.0,Rosario,82084.0,148000,144000,288400,2003
soja total,1996,1996/1997,Santa Fe,82.0,San Lorenzo,82119.0,181000,181000,440800,2435
soja total,1997,1997/1998,Santa Fe,82.0,Caseros,82014.0,243000,243000,700400,2882
soja total,1997,1997/1998,Santa Fe,82.0,Villa Constitución,82028.0,198000,198000,579200,2925
soja total,1997,1997/1998,Santa Fe,82.0,San Lorenzo,82119.0,160000,160000,482400,3015
soja total,1997,1997/1998,Santa Fe,82.0,Rosario,82084.0,137000,137000,403900,2948
soja total,1997,1997/1998,Chaco,22.0,San Lorenzo,22147.0,4000,3600,6100,1694
soja total,1998,1998/1999,Chaco,22.0,San Lorenzo,22147.0,6500,6100,13500,2213
soja total,1998,1998/1999,Santa Fe,82.0,San Lorenzo,82119.0,160000,160000,429700,2686
soja total,1998,1998/1999,Santa Fe,82.0,Caseros,82014.0,257000,256400,726500,2833
soja total,1998,1998/1999,Santa Fe,82.0,Villa Constitución,82028.0,210000,210000,597000,2843
soja total,1998,1998/1999,Santa Fe,82.0,Rosario,82084.0,153000,153000,442700,2893
soja total,1999,1999/2000,Santa Fe,82.0,Caseros,82014.0,269800,269200,557300,2070
soja total,1999,1999/2000,Santa Fe,82.0,Villa Constitución,82028.0,212000,211500,427700,2022
soja total,1999,1999/2000,Santa Fe,82.0,Rosario,82084.0,154000,153600,305700,1990
soja total,1999,1999/2000,Santa Fe,82.0,San Lorenzo,82119.0,165000,164850,326800,1982
soja total,1999,1999/2000,Chaco,22.0,San Lorenzo,22147.0,10000,10000,17000,1700
soja total,2000,2000/2001,Chaco,22.0,San Lorenzo,22147.0,12000,11000,22000,2000
soja total,2000,2000/2001,Santa Fe,82.0,Villa Constitución,82028.0,237700,237700,676100,2844
soja total,2000,2000/2001,Santa Fe,82.0,Caseros,82014.0,283400,283400,813100,2869
soja total,2000,2000/2001,Santa Fe,82.0,Rosario,82084.0,156300,156300,465800,2980
soja total,2000,2000/2001,Santa Fe,82.0,San Lorenzo,82119.0,166750,166750,506300,3036
soja total,2001,2001/2002,Chaco,22.0,San Lorenzo,22147.0,15000,12000,21000,1750
soja total,2001,2001/2002,Santa Fe,82.0,Caseros,82014.0,274700,254700,704000,2764
soja total,2001,2001/2002,Santa Fe,82.0,Villa Constitución,82028.0,216200,216200,628000,2905
soja total,2001,2001/2002,Santa Fe,82.0,Rosario,82084.0,152500,152500,448300,2940
soja total,2001,2001/2002,Santa Fe,82.0,San Lorenzo,82119.0,168500,168500,481700,2859
soja total,2002,2002/2003,Chaco,22.0,San Lorenzo,22147.0,18000,18000,36000,2000
soja total,2002,2002/2003,Santa Fe,82.0,Caseros,82014.0,275000,274000,872000,3182
soja total,2002,2002/2003,Santa Fe,82.0,Villa Constitución,82028.0,220000,220000,698000,3173
soja total,2002,2002/2003,Santa Fe,82.0,Rosario,82084.0,150000,150000,495000,3300
soja total,2002,2002/2003,Santa Fe,82.0,San Lorenzo,82119.0,167000,167000,546000,3269
soja total,2003,2003/2004,Chaco,22.0,San Lorenzo,22147.0,19000,18050,18100,1003
soja total,2003,2003/2004,Santa Fe,82.0,Caseros,82014.0,280000,280000,762000,2721
soja total,2003,2003/2004,Santa Fe,82.0,Villa Constitución,82028.0,224000,224000,574600,2565
soja total,2003,2003/2004,Santa Fe,82.0,Rosario,82084.0,154000,154000,431400,2801
soja total,2003,2003/2004,Santa Fe,82.0,San Lorenzo,82119.0,170000,170000,490400,2885
soja total,2004,2004/2005,Santa Fe,82.0,San Lorenzo,82119.0,170512,170310,544182,3195
soja total,2004,2004/2005,Chaco,22.0,San Lorenzo,22147.0,14138,13633,16926,1242
soja total,2004,2004/2005,Santa Fe,82.0,Caseros,82014.0,278322,278322,955832,3434
soja total,2004,2004/2005,Santa Fe,82.0,Rosario,82084.0,153395,153142,503151,3286
soja total,2004,2004/2005,Santa Fe,82.0,Villa Constitución,82028.0,221256,221256,756829,3421
soja total,2005,2005/2006,Chaco,22.0,San Lorenzo,22147.0,12001,8501,18900,2223
soja total,2005,2005/2006,Santa Fe,82.0,Villa Constitución,82028.0,222300,222300,635839,2860
soja total,2005,2005/2006,Santa Fe,82.0,Caseros,82014.0,282220,282220,896003,3175
soja total,2005,2005/2006,Santa Fe,82.0,Rosario,82084.0,158660,158660,410941,2590
soja total,2005,2005/2006,Santa Fe,82.0,San Lorenzo,82119.0,175820,175820,539439,3068
soja total,2006,2006/2007,Santa Fe,82.0,Caseros,82014.0,284550,284550,996210,3501
soja total,2006,2006/2007,Santa Fe,82.0,Villa Constitución,82028.0,222100,222100,804020,3620
soja total,2006,2006/2007,Santa Fe,82.0,Rosario,82084.0,175400,175400,637990,3637
soja total,2006,2006/2007,Santa Fe,82.0,San Lorenzo,82119.0,157000,157000,525740,3349
soja total,2006,2006/2007,Chaco,22.0,San Lorenzo,22147.0,12000,11700,18720,1600
soja total,2007,2007/2008,Chaco,22.0,San Lorenzo,22147.0,15000,15000,32388,2159
soja total,2007,2007/2008,Santa Fe,82.0,Villa Constitución,82028.0,219900,213900,711799,3328
soja total,2007,2007/2008,Santa Fe,82.0,Caseros,82014.0,269200,269200,1005022,3733
soja total,2007,2007/2008,Santa Fe,82.0,Rosario,82084.0,160900,160900,532962,3312
soja total,2007,2007/2008,Santa Fe,82.0,San Lorenzo,82119.0,182800,182800,650217,3557
soja total,2008,2008/2009,Chaco,22.0,San Lorenzo,22147.0,11370,9670,9670,1000
soja total,2008,2008/2009,Santa Fe,82.0,Villa Constitución,82028.0,226032,226032,543622,2405
soja total,2008,2008/2009,Santa Fe,82.0,Caseros,82014.0,248999,246499,617341,2504
soja total,2008,2008/2009,Santa Fe,82.0,Rosario,82084.0,99596,99596,201286,2021
soja total,2008,2008/2009,Santa Fe,82.0,San Lorenzo,82119.0,129772,129772,237044,1827
soja total,2009,2009/2010,Santa Fe,82.0,Rosario,82084.0,124000,123400,409880,3322
soja total,2009,2009/2010,Chaco,22.0,San Lorenzo,22147.0,4800,4000,6710,1678
soja total,2009,2009/2010,Santa Fe,82.0,Caseros,82014.0,240700,239600,871700,3638
soja total,2009,2009/2010,Santa Fe,82.0,Villa Constitución,82028.0,229200,228400,854660,3742
soja total,2009,2009/2010,Santa Fe,82.0,San Lorenzo,82119.0,129000,128200,464330,3622
soja total,2010,2010/2011,Santa Fe,82.0,Rosario,82084.0,116800,116800,398480,3412
soja total,2010,2010/2011,Chaco,22.0,San Lorenzo,22147.0,4800,4800,9600,2000
soja total,2010,2010/2011,Santa Fe,82.0,Caseros,82014.0,252900,252900,919440,3636
soja total,2010,2010/2011,Santa Fe,82.0,Villa Constitución,82028.0,229600,229600,838440,3652
soja total,2010,2010/2011,Santa Fe,82.0,San Lorenzo,82119.0,129300,129300,466040,3604
soja total,2011,2011/2012,Chaco,22.0,San Lorenzo,22147.0,4100,2100,1470,700
soja total,2011,2011/2012,Santa Fe,82.0,Caseros,82014.0,250900,250900,813250,3241
soja total,2011,2011/2012,Santa Fe,82.0,Villa Constitución,82028.0,232600,232600,661310,2843
soja total,2011,2011/2012,Santa Fe,82.0,Rosario,82084.0,117800,117800,315660,2680
soja total,2011,2011/2012,Santa Fe,82.0,San Lorenzo,82119.0,132000,132000,400800,3036
soja total,2012,2012/2013,Chaco,22.0,San Lorenzo,22147.0,1480,1380,2484,1800
soja total,2012,2012/2013,Santa Fe,82.0,Villa Constitución,82028.0,228900,228900,813520,3554
soja total,2012,2012/2013,Santa Fe,82.0,Caseros,82014.0,249800,249800,922480,3693
soja total,2012,2012/2013,Santa Fe,82.0,Rosario,82084.0,101000,101000,320290,3171
soja total,2012,2012/2013,Santa Fe,82.0,San Lorenzo,82119.0,134400,134400,491640,3658
soja total,2013,2013/2014,Chaco,22.0,San Lorenzo,22147.0,1500,1450,4060,2800
soja total,2013,2013/2014,Santa Fe,82.0,Villa Constitución,82028.0,230000,226400,724480,3200
soja total,2013,2013/2014,Santa Fe,82.0,Caseros,82014.0,265000,260200,855860,3289
soja total,2013,2013/2014,Santa Fe,82.0,Rosario,82084.0,102000,100000,323500,3235
soja total,2013,2013/2014,Santa Fe,82.0,San Lorenzo,82119.0,146000,143500,459200,3200
soja total,2014,2014/2015,Chaco,22.0,San Lorenzo,22147.0,1450,1390,3475,2500
soja total,2014,2014/2015,Santa Fe,82.0,Caseros,82014.0,250530,247830,1061941,4285
soja total,2014,2014/2015,Santa Fe,82.0,Rosario,82084.0,106190,105190,422567,4017
soja total,2014,2014/2015,Santa Fe,82.0,Villa Constitución,82028.0,220000,217700,904820,4156
soja total,2014,2014/2015,Santa Fe,82.0,San Lorenzo,82119.0,139810,138410,577748,4174
soja total,2015,2015/2016,Santa Fe,82.0,Caseros,82014.0,261795,250295,840517,3358
soja total,2015,2015/2016,Santa Fe,82.0,Villa Constitución,82028.0,241571,232371,773558,3329
soja total,2015,2015/2016,Santa Fe,82.0,San Lorenzo,82119.0,138037,132037,440561,3337
soja total,2015,2015/2016,Santa Fe,82.0,Rosario,82084.0,104756,96856,303328,3132
soja total,2015,2015/2016,Chaco,22.0,San Lorenzo,22147.0,1700,1620,3726,2300
soja total,2016,2016/2017,Santa Fe,82.0,Villa Constitución,82028.0,222840,217040,772080,3557
soja total,2016,2016/2017,Santa Fe,82.0,Caseros,82014.0,247440,237340,881380,3714
soja total,2016,2016/2017,Santa Fe,82.0,Rosario,82084.0,108500,105300,381840,3626
soja total,2016,2016/2017,Santa Fe,82.0,San Lorenzo,82119.0,135400,131900,497050,3768
soja total,2016,2016/2017,Chaco,22.0,San Lorenzo,22147.0,1368,1168,3270,2800
soja total,2017,2017/2018,Chaco,22.0,San Lorenzo,22147.0,3190,3155,5995,1900
soja total,2017,2017/2018,Santa Fe,82.0,Rosario,82084.0,107400,103200,212460,2059
soja total,2017,2017/2018,Santa Fe,82.0,Caseros,82014.0,224500,221700,678350,3060
soja total,2017,2017/2018,Santa Fe,82.0,Villa Constitución,82028.0,210300,206300,525620,2548
soja total,2017,2017/2018,Santa Fe,82.0,San Lorenzo,82119.0,142500,139700,358780,2568
soja total,2018,2018/2019,Chaco,22.0,San Lorenzo,22147.0,1355,949,2520,2655
soja total,2018,2018/2019,Santa Fe,82.0,Villa Constitución,82028.0,218600,218600,881542,4033
soja total,2018,2018/2019,Santa Fe,82.0,Caseros,82014.0,240200,240200,1021044,4251
soja total,2018,2018/2019,Santa Fe,82.0,Rosario,82084.0,103900,103900,394339,3795
soja total,2018,2018/2019,Santa Fe,82.0,San Lorenzo,82119.0,129300,129300,509661,3942
soja total,2019,2019/2020,Chaco,22.0,San Lorenzo,22147.0,2047,1884,4412,2342
soja total,2019,2019/2020,Santa Fe,82.0,Villa Constitución,82028.0,207100,199300,561055,2815
soja total,2019,2019/2020,Santa Fe,82.0,Caseros,82014.0,221800,221800,759772,3425
soja total,2019,2019/2020,Santa Fe,82.0,San Lorenzo,82119.0,123900,119900,323504,2698
soja total,2019,2019/2020,Santa Fe,82.0,Rosario,82084.0,91600,86600,196280,2267
soja total,2020,2020/2021,Santa Fe,82.0,Villa Constitución,82028.0,203700,203700,510680,2507
soja total,2020,2020/2021,Santa Fe,82.0,Caseros,82014.0,214600,214600,692680,3228
soja total,2020,2020/2021,Chaco,22.0,San Lorenzo,22147.0,2200,2006,3045,1518
soja total,2020,2020/2021,Santa Fe,82.0,San Lorenzo,82119.0,119500,119500,341700,2859
soja total,2020,2020/2021,Santa Fe,82.0,Rosario,82084.0,80400,80400,167130,2079
soja total,2021,2021/2022,Chaco,22.0,San Lorenzo,22147.0,500,470,1043,2219
soja total,2021,2021/2022,Santa Fe,82.0,San Lorenzo,82119.0,109400,106900,216120,2022
soja total,2021,2021/2022,Santa Fe,82.0,Caseros,82014.0,198200,198200,474120,2392
soja total,2021,2021/2022,Santa Fe,82.0,Villa Constitución,82028.0,186500,183500,371330,2024
soja total,2021,2021/2022,Santa Fe,82.0,Rosario,82084.0,73300,69300,122560,1769
soja total,2022,2022/2023,Chaco,22.0,San Lorenzo,22147.0,800,740,1316,1778
soja total,2022,2022/2023,Santa Fe,82.0,Rosario,82084.0,66000,43000,48576,1130
soja total,2022,2022/2023,Santa Fe,82.0,Villa Constitución,82028.0,183000,139000,158260,1139
soja total,2022,2022/2023,Santa Fe,82.0,Caseros,82014.0,195000,165000,243700,1477
soja total,2022,2022/2023,Santa Fe,82.0,San Lorenzo,82119.0,116000,90000,123948,1377
soja total,2023,2023/2024,Chaco,22.0,San Lorenzo,22147.0,1800,1700,1485,874
soja total,2023,2023/2024,Santa Fe,82.0,Caseros,82014.0,214000,214000,818350,3824
soja total,2023,2023/2024,Santa Fe,82.0,Villa Constitución,82028.0,197000,197000,707250,3590
soja total,2023,2023/2024,Santa Fe,82.0,Rosario,82084.0,92000,92000,319400,3472
soja total,2023,2023/2024,Santa Fe,82.0,San Lorenzo,82119.0,122000,122000,461300,3781
soja total,2024,2024/2025,Chaco,22.0,San Lorenzo,22147.0,2700,2100,2187,1041
soja total,2024,2024/2025,Santa Fe,82.0,Caseros,82014.0,227000,227000,854250,3763
soja total,2024,2024/2025,Santa Fe,82.0,San Lorenzo,82119.0,129000,129000,488220,3785
soja total,2024,2024/2025,Santa Fe,82.0,Villa Constitución,82028.0,205000,205000,763900,3726
soja total,2024,2024/2025,Santa Fe,82.0,Rosario,82084.0,100000,100000,370320,3703
trigo total,1969,1969/1970,Chaco,22.0,San Lorenzo,22147.0,600,450,250,556
trigo total,1969,1969/1970,Santa Fe,82.0,Caseros,82014.0,72000,68000,108847,1601
trigo total,1969,1969/1970,Santa Fe,82.0,Villa Constitución,82028.0,48000,46000,69000,1500
trigo total,1969,1969/1970,Santa Fe,82.0,Rosario,82084.0,23000,21000,27000,1286
trigo total,1969,1969/1970,Santa Fe,82.0,San Lorenzo,82119.0,36000,34000,54000,1588
trigo total,1970,1970/1971,Santa Fe,82.0,Villa Constitución,82028.0,36000,35000,73000,2086
trigo total,1970,1970/1971,Santa Fe,82.0,Caseros,82014.0,66000,63500,125000,1969
trigo total,1970,1970/1971,Santa Fe,82.0,Rosario,82084.0,21000,20000,37000,1850
trigo total,1970,1970/1971,Santa Fe,82.0,San Lorenzo,82119.0,28000,27000,51000,1889
trigo total,1970,1970/1971,Chaco,22.0,San Lorenzo,22147.0,500,500,700,1400
trigo total,1971,1971/1972,Santa Fe,82.0,Villa Constitución,82028.0,46000,45000,72000,1600
trigo total,1971,1971/1972,Santa Fe,82.0,Caseros,82014.0,67000,65000,117000,1800
trigo total,1971,1971/1972,Santa Fe,82.0,Rosario,82084.0,31000,29000,49000,1690
trigo total,1971,1971/1972,Santa Fe,82.0,San Lorenzo,82119.0,36000,33000,58000,1758
trigo total,1971,1971/1972,Chaco,22.0,San Lorenzo,22147.0,550,100,50,500
trigo total,1972,1972/1973,Chaco,22.0,San Lorenzo,22147.0,500,350,260,743
trigo total,1972,1972/1973,Santa Fe,82.0,Caseros,82014.0,87000,82000,156500,1909
trigo total,1972,1972/1973,Santa Fe,82.0,Villa Constitución,82028.0,55000,52500,78000,1486
trigo total,1972,1972/1973,Santa Fe,82.0,San Lorenzo,82119.0,40000,35000,63000,1800
trigo total,1972,1972/1973,Santa Fe,82.0,Rosario,82084.0,35000,33500,60800,1815
trigo total,1973,1973/1974,Santa Fe,82.0,Rosario,82084.0,26000,24000,47550,1981
trigo total,1973,1973/1974,Santa Fe,82.0,Villa Constitución,82028.0,42000,35000,66000,1886
trigo total,1973,1973/1974,Chaco,22.0,San Lorenzo,22147.0,200,200,280,1400
trigo total,1973,1973/1974,Santa Fe,82.0,Caseros,82014.0,68000,65000,136500,2100
trigo total,1973,1973/1974,Santa Fe,82.0,San Lorenzo,82119.0,38000,36000,69600,1933
trigo total,1974,1974/1975,Chaco,22.0,San Lorenzo,22147.0,600,550,630,1145
trigo total,1974,1974/1975,Santa Fe,82.0,Villa Constitución,82028.0,52000,51000,93800,1839
trigo total,1974,1974/1975,Santa Fe,82.0,Caseros,82014.0,70000,67000,127300,1900
trigo total,1974,1974/1975,Santa Fe,82.0,Rosario,82084.0,28000,27000,53500,1981
trigo total,1974,1974/1975,Santa Fe,82.0,San Lorenzo,82119.0,35000,32000,57600,1800
trigo total,1975,1975/1976,Chaco,22.0,San Lorenzo,22147.0,750,650,900,1385
trigo total,1975,1975/1976,Santa Fe,82.0,Caseros,82014.0,75000,74000,178000,2405
trigo total,1975,1975/1976,Santa Fe,82.0,Villa Constitución,82028.0,58000,57000,138300,2426
trigo total,1975,1975/1976,Santa Fe,82.0,Rosario,82084.0,33000,32000,75400,2356
trigo total,1975,1975/1976,Santa Fe,82.0,San Lorenzo,82119.0,40000,39000,95500,2449
trigo total,1976,1976/1977,Santa Fe,82.0,Caseros,82014.0,95000,91000,210000,2308
trigo total,1976,1976/1977,Santa Fe,82.0,Villa Constitución,82028.0,75000,72000,150000,2083
trigo total,1976,1976/1977,Santa Fe,82.0,San Lorenzo,82119.0,49000,45700,108850,2382
trigo total,1976,1976/1977,Santa Fe,82.0,Rosario,82084.0,39800,36600,90000,2459
trigo total,1977,1977/1978,Santa Fe,82.0,Villa Constitución,82028.0,50000,46500,76000,1634
trigo total,1977,1977/1978,Santa Fe,82.0,Caseros,82014.0,105000,99000,163000,1646
trigo total,1977,1977/1978,Santa Fe,82.0,San Lorenzo,82119.0,41000,40000,70000,1750
trigo total,1977,1977/1978,Santa Fe,82.0,Rosario,82084.0,30000,29000,52090,1796
trigo total,1977,1977/1978,Chaco,22.0,San Lorenzo,22147.0,300,200,170,850
trigo total,1978,1978/1979,Santa Fe,82.0,Rosario,82084.0,32000,29500,64620,2191
trigo total,1978,1978/1979,Santa Fe,82.0,Caseros,82014.0,113000,98000,213500,2179
trigo total,1978,1978/1979,Santa Fe,82.0,San Lorenzo,82119.0,43000,40200,84000,2090
trigo total,1978,1978/1979,Santa Fe,82.0,Villa Constitución,82028.0,52000,47000,103400,2200
trigo total,1979,1979/1980,Santa Fe,82.0,Villa Constitución,82028.0,80000,79000,174000,2203
trigo total,1979,1979/1980,Santa Fe,82.0,Caseros,82014.0,121000,119000,275000,2311
trigo total,1979,1979/1980,Santa Fe,82.0,Rosario,82084.0,43500,43000,95500,2221
trigo total,1979,1979/1980,Santa Fe,82.0,San Lorenzo,82119.0,50500,50000,110000,2200
trigo total,1980,1980/1981,Santa Fe,82.0,Rosario,82084.0,49800,49000,88800,1812
trigo total,1980,1980/1981,Chaco,22.0,San Lorenzo,22147.0,200,50,45,900
trigo total,1980,1980/1981,Santa Fe,82.0,Caseros,82014.0,137000,121000,218300,1804
trigo total,1980,1980/1981,Santa Fe,82.0,Villa Constitución,82028.0,98600,95800,192000,2004
trigo total,1980,1980/1981,Santa Fe,82.0,San Lorenzo,82119.0,59200,58700,117600,2003
trigo total,1981,1981/1982,Santa Fe,82.0,Rosario,82084.0,52000,46000,103000,2239
trigo total,1981,1981/1982,Chaco,22.0,San Lorenzo,22147.0,100,100,160,1600
trigo total,1981,1981/1982,Santa Fe,82.0,Caseros,82014.0,158000,149000,319200,2142
trigo total,1981,1981/1982,Santa Fe,82.0,Villa Constitución,82028.0,114200,104200,230000,2207
trigo total,1981,1981/1982,Santa Fe,82.0,San Lorenzo,82119.0,65000,63500,115000,1811
trigo total,1982,1982/1983,Santa Fe,82.0,Caseros,82014.0,173000,172000,395600,2300
trigo total,1982,1982/1983,Chaco,22.0,San Lorenzo,22147.0,400,400,320,800
trigo total,1982,1982/1983,Santa Fe,82.0,Villa Constitución,82028.0,120000,112000,257700,2301
trigo total,1982,1982/1983,Santa Fe,82.0,Rosario,82084.0,55000,54000,133850,2479
trigo total,1982,1982/1983,Santa Fe,82.0,San Lorenzo,82119.0,70500,69500,174310,2508
trigo total,1983,1983/1984,Santa Fe,82.0,Caseros,82014.0,145000,145000,290000,2000
trigo total,1983,1983/1984,Santa Fe,82.0,San Lorenzo,82119.0,65000,64600,135660,2100
trigo total,1983,1983/1984,Chaco,22.0,San Lorenzo,22147.0,150,150,120,800
trigo total,1983,1983/1984,Santa Fe,82.0,Rosario,82084.0,53200,52700,74000,1404
trigo total,1983,1983/1984,Santa Fe,82.0,Villa Constitución,82028.0,114000,113500,170300,1500
trigo total,1984,1984/1985,Santa Fe,82.0,San Lorenzo,82119.0,54000,52500,137800,2625
trigo total,1984,1984/1985,Santa Fe,82.0,Rosario,82084.0,42500,42000,104900,2498
trigo total,1984,1984/1985,Santa Fe,82.0,Villa Constitución,82028.0,90000,89500,232700,2600
trigo total,1984,1984/1985,Santa Fe,82.0,Caseros,82014.0,108000,107700,258480,2400
trigo total,1985,1985/1986,Santa Fe,82.0,San Lorenzo,82119.0,54000,53800,91000,1691
trigo total,1985,1985/1986,Chaco,22.0,San Lorenzo,22147.0,50,50,80,1600
trigo total,1985,1985/1986,Santa Fe,82.0,Caseros,82014.0,99000,98500,160000,1624
trigo total,1985,1985/1986,Santa Fe,82.0,Villa Constitución,82028.0,90000,89500,140000,1564
trigo total,1985,1985/1986,Santa Fe,82.0,Rosario,82084.0,54000,53800,90000,1673
trigo total,1986,1986/1987,Chaco,22.0,San Lorenzo,22147.0,100,90,83,922
trigo total,1986,1986/1987,Santa Fe,82.0,Villa Constitución,82028.0,76300,76200,138300,1815
trigo total,1986,1986/1987,Santa Fe,82.0,Caseros,82014.0,84500,83900,156300,1863
trigo total,1986,1986/1987,Santa Fe,82.0,Rosario,82084.0,46400,46200,83700,1812
trigo total,1986,1986/1987,Santa Fe,82.0,San Lorenzo,82119.0,47800,47100,85400,1813
trigo total,1987,1987/1988,Santa Fe,82.0,Caseros,82014.0,95000,95000,235000,2474
trigo total,1987,1987/1988,Santa Fe,82.0,Villa Constitución,82028.0,80000,80000,196000,2450
trigo total,1987,1987/1988,Santa Fe,82.0,Rosario,82084.0,45000,45000,110000,2444
trigo total,1987,1987/1988,Santa Fe,82.0,San Lorenzo,82119.0,51000,51000,124000,2431
trigo total,1988,1988/1989,Santa Fe,82.0,San Lorenzo,82119.0,48000,48000,107600,2242
trigo total,1988,1988/1989,Santa Fe,82.0,Caseros,82014.0,90000,87000,190000,2184
trigo total,1988,1988/1989,Santa Fe,82.0,Villa Constitución,82028.0,75000,72000,142000,1972
trigo total,1988,1988/1989,Santa Fe,82.0,Rosario,82084.0,42000,41000,85000,2073
trigo total,1989,1989/1990,Chaco,22.0,San Lorenzo,22147.0,500,500,700,1400
trigo total,1989,1989/1990,Santa Fe,82.0,Rosario,82084.0,40000,40000,80000,2000
trigo total,1989,1989/1990,Santa Fe,82.0,Villa Constitución,82028.0,65000,65000,140000,2154
trigo total,1989,1989/1990,Santa Fe,82.0,Caseros,82014.0,93000,93000,200000,2151
trigo total,1989,1989/1990,Santa Fe,82.0,San Lorenzo,82119.0,49000,49000,98000,2000
trigo total,1990,1990/1991,Santa Fe,82.0,Caseros,82014.0,96000,91200,218900,2400
trigo total,1990,1990/1991,Santa Fe,82.0,Villa Constitución,82028.0,48000,45600,104900,2300
trigo total,1990,1990/1991,Santa Fe,82.0,Rosario,82084.0,36000,34200,85500,2500
trigo total,1990,1990/1991,Santa Fe,82.0,San Lorenzo,82119.0,50000,47500,109300,2301
trigo total,1991,1991/1992,Chaco,22.0,San Lorenzo,22147.0,500,500,800,1600
trigo total,1991,1991/1992,Santa Fe,82.0,Caseros,82014.0,69000,62500,131300,2101
trigo total,1991,1991/1992,Santa Fe,82.0,Villa Constitución,82028.0,34500,33000,67700,2052
trigo total,1991,1991/1992,Santa Fe,82.0,Rosario,82084.0,26000,26000,52800,2031
trigo total,1991,1991/1992,Santa Fe,82.0,San Lorenzo,82119.0,36000,35000,77000,2200
trigo total,1992,1992/1993,Chaco,22.0,San Lorenzo,22147.0,500,500,1000,2000
trigo total,1992,1992/1993,Santa Fe,82.0,Villa Constitución,82028.0,29000,28500,68400,2400
trigo total,1992,1992/1993,Santa Fe,82.0,Caseros,82014.0,73000,72000,165600,2300
trigo total,1992,1992/1993,Santa Fe,82.0,Rosario,82084.0,24000,24000,57600,2400
trigo total,1992,1992/1993,Santa Fe,82.0,San Lorenzo,82119.0,28000,27500,66000,2400
trigo total,1993,1993/1994,Santa Fe,82.0,Rosario,82084.0,27500,27500,55000,2000
trigo total,1993,1993/1994,Chaco,22.0,San Lorenzo,22147.0,700,700,700,1000
trigo total,1993,1993/1994,Santa Fe,82.0,Villa Constitución,82028.0,33500,33000,66000,2000
trigo total,1993,1993/1994,Santa Fe,82.0,Caseros,82014.0,80500,79800,143600,1800
trigo total,1993,1993/1994,Santa Fe,82.0,San Lorenzo,82119.0,33500,33200,64700,1949
trigo total,1994,1994/1995,Chaco,22.0,San Lorenzo,22147.0,1500,1500,1400,933
trigo total,1994,1994/1995,Santa Fe,82.0,Caseros,82014.0,74000,73700,147400,2000
trigo total,1994,1994/1995,Santa Fe,82.0,Villa Constitución,82028.0,33000,33000,67700,2052
trigo total,1994,1994/1995,Santa Fe,82.0,San Lorenzo,82119.0,30000,30000,60000,2000
trigo total,1994,1994/1995,Santa Fe,82.0,Rosario,82084.0,24000,24000,48000,2000
trigo total,1995,1995/1996,Santa Fe,82.0,San Lorenzo,82119.0,21500,21450,42900,2000
trigo total,1995,1995/1996,Santa Fe,82.0,Villa Constitución,82028.0,39000,38800,77600,2000
trigo total,1995,1995/1996,Santa Fe,82.0,Rosario,82084.0,16500,16400,31200,1902
trigo total,1995,1995/1996,Santa Fe,82.0,Caseros,82014.0,72000,71850,143700,2000
trigo total,1995,1995/1996,Chaco,22.0,San Lorenzo,22147.0,800,800,800,1000
trigo total,1996,1996/1997,Santa Fe,82.0,Villa Constitución,82028.0,52000,52000,119600,2300
trigo total,1996,1996/1997,Chaco,22.0,San Lorenzo,22147.0,1500,1500,1800,1200
trigo total,1996,1996/1997,Santa Fe,82.0,Caseros,82014.0,93000,93000,208300,2240
trigo total,1996,1996/1997,Santa Fe,82.0,Rosario,82084.0,26000,26000,61100,2350
trigo total,1996,1996/1997,Santa Fe,82.0,San Lorenzo,82119.0,35000,35000,100500,2871
trigo total,1997,1997/1998,Chaco,22.0,San Lorenzo,22147.0,400,400,400,1000
trigo total,1997,1997/1998,Santa Fe,82.0,Caseros,82014.0,65000,62500,136300,2181
trigo total,1997,1997/1998,Santa Fe,82.0,San Lorenzo,82119.0,32500,31800,66100,2079
trigo total,1997,1997/1998,Santa Fe,82.0,Rosario,82084.0,21500,21000,49800,2371
trigo total,1997,1997/1998,Santa Fe,82.0,Villa Constitución,82028.0,51000,50200,128000,2550
trigo total,1998,1998/1999,Santa Fe,82.0,Rosario,82084.0,19500,19500,48000,2462
trigo total,1998,1998/1999,Santa Fe,82.0,San Lorenzo,82119.0,27100,27100,70000,2583
trigo total,1998,1998/1999,Santa Fe,82.0,Villa Constitución,82028.0,46800,46800,130000,2778
trigo total,1998,1998/1999,Santa Fe,82.0,Caseros,82014.0,52500,52500,150000,2857
trigo total,1998,1998/1999,Chaco,22.0,San Lorenzo,22147.0,800,800,1400,1750
trigo total,1999,1999/2000,Santa Fe,82.0,Caseros,82014.0,63000,61800,189000,3058
trigo total,1999,1999/2000,Santa Fe,82.0,Rosario,82084.0,23600,23600,72000,3051
trigo total,1999,1999/2000,Santa Fe,82.0,San Lorenzo,82119.0,31300,31300,96000,3067
trigo total,1999,1999/2000,Santa Fe,82.0,Villa Constitución,82028.0,55500,55500,170000,3063
trigo total,1999,1999/2000,Chaco,22.0,San Lorenzo,22147.0,800,800,960,1200
trigo total,2000,2000/2001,Chaco,22.0,San Lorenzo,22147.0,3500,3500,3900,1114
trigo total,2000,2000/2001,Santa Fe,82.0,San Lorenzo,82119.0,33500,33500,69000,2060
trigo total,2000,2000/2001,Santa Fe,82.0,Caseros,82014.0,69000,69000,138000,2000
trigo total,2000,2000/2001,Santa Fe,82.0,Villa Constitución,82028.0,59800,59800,132000,2207
trigo total,2000,2000/2001,Santa Fe,82.0,Rosario,82084.0,25000,25000,50000,2000
trigo total,2001,2001/2002,Santa Fe,82.0,Caseros,82014.0,72450,72250,126440,1750
trigo total,2001,2001/2002,Santa Fe,82.0,Rosario,82084.0,26350,26300,46030,1750
trigo total,2001,2001/2002,Santa Fe,82.0,San Lorenzo,82119.0,35400,35350,63630,1800
trigo total,2001,2001/2002,Santa Fe,82.0,Villa Constitución,82028.0,63500,63300,110780,1750
trigo total,2001,2001/2002,Chaco,22.0,San Lorenzo,22147.0,5000,3500,4900,1400
trigo total,2002,2002/2003,Santa Fe,82.0,San Lorenzo,82119.0,27000,27000,64800,2400
trigo total,2002,2002/2003,Santa Fe,82.0,Rosario,82084.0,20000,20000,46000,2300
trigo total,2002,2002/2003,Santa Fe,82.0,Villa Constitución,82028.0,48000,39000,89700,2300
trigo total,2002,2002/2003,Santa Fe,82.0,Caseros,82014.0,55000,55000,132000,2400
trigo total,2002,2002/2003,Chaco,22.0,San Lorenzo,22147.0,3500,3500,6650,1900
trigo total,2003,2003/2004,Santa Fe,82.0,Rosario,82084.0,17000,16000,46400,2900
trigo total,2003,2003/2004,Santa Fe,82.0,San Lorenzo,82119.0,23000,23000,69000,3000
trigo total,2003,2003/2004,Santa Fe,82.0,Villa Constitución,82028.0,41000,38500,103950,2700
trigo total,2003,2003/2004,Santa Fe,82.0,Caseros,82014.0,45000,43500,117450,2700
trigo total,2003,2003/2004,Chaco,22.0,San Lorenzo,22147.0,3500,3500,3500,1000
trigo total,2004,2004/2005,Santa Fe,82.0,Rosario,82084.0,16000,16000,48000,3000
trigo total,2004,2004/2005,Santa Fe,82.0,San Lorenzo,82119.0,23000,23000,73600,3200
trigo total,2004,2004/2005,Santa Fe,82.0,Villa Constitución,82028.0,41000,41000,131200,3200
trigo total,2004,2004/2005,Santa Fe,82.0,Caseros,82014.0,45000,45000,144000,3200
trigo total,2005,2005/2006,Santa Fe,82.0,Rosario,82084.0,12480,12480,47420,3800
trigo total,2005,2005/2006,Chaco,22.0,San Lorenzo,22147.0,800,800,1440,1800
trigo total,2005,2005/2006,Santa Fe,82.0,San Lorenzo,82119.0,18400,18400,66240,3600
trigo total,2005,2005/2006,Santa Fe,82.0,Villa Constitución,82028.0,33620,33400,106880,3200
trigo total,2005,2005/2006,Santa Fe,82.0,Caseros,82014.0,37350,36550,131580,3600
trigo total,2006,2006/2007,Santa Fe,82.0,Rosario,82084.0,33600,31300,106420,3400
trigo total,2006,2006/2007,Santa Fe,82.0,Caseros,82014.0,43000,37000,125800,3400
trigo total,2006,2006/2007,Santa Fe,82.0,San Lorenzo,82119.0,33900,33100,122470,3700
trigo total,2006,2006/2007,Chaco,22.0,San Lorenzo,22147.0,3000,2500,3500,1400
trigo total,2006,2006/2007,Santa Fe,82.0,Villa Constitución,82028.0,47500,47500,171000,3600
trigo total,2007,2007/2008,Santa Fe,82.0,Caseros,82014.0,40850,40850,171570,4200
trigo total,2007,2007/2008,Santa Fe,82.0,Rosario,82084.0,28170,28170,107050,3800
trigo total,2007,2007/2008,Santa Fe,82.0,San Lorenzo,82119.0,33100,33100,139020,4200
trigo total,2007,2007/2008,Santa Fe,82.0,Villa Constitución,82028.0,43700,43700,183540,4200
trigo total,2007,2007/2008,Chaco,22.0,San Lorenzo,22147.0,100,100,100,1000
trigo total,2008,2008/2009,Santa Fe,82.0,San Lorenzo,82119.0,10000,8000,8800,1100
trigo total,2008,2008/2009,Santa Fe,82.0,Villa Constitución,82028.0,13100,10100,12120,1200
trigo total,2008,2008/2009,Santa Fe,82.0,Caseros,82014.0,12300,10300,12360,1200
trigo total,2008,2008/2009,Santa Fe,82.0,Rosario,82084.0,11200,9700,9700,1000
trigo total,2009,2009/2010,Santa Fe,82.0,San Lorenzo,82119.0,9190,8810,41300,4688
trigo total,2009,2009/2010,Santa Fe,82.0,Villa Constitución,82028.0,12050,11780,55230,4688
trigo total,2009,2009/2010,Santa Fe,82.0,Rosario,82084.0,10220,10000,41670,4167
trigo total,2009,2009/2010,Santa Fe,82.0,Caseros,82014.0,12260,11450,49700,4341
trigo total,2010,2010/2011,Santa Fe,82.0,Villa Constitución,82028.0,14200,14200,67460,4751
trigo total,2010,2010/2011,Santa Fe,82.0,Rosario,82084.0,10000,10000,47500,4750
trigo total,2010,2010/2011,Santa Fe,82.0,Caseros,82014.0,18000,18000,91090,5061
trigo total,2010,2010/2011,Santa Fe,82.0,San Lorenzo,82119.0,11000,11000,52260,4751
trigo total,2010,2010/2011,Chaco,22.0,San Lorenzo,22147.0,1800,1800,2970,1650
trigo total,2011,2011/2012,Santa Fe,82.0,Villa Constitución,82028.0,12800,12800,57600,4500
trigo total,2011,2011/2012,Santa Fe,82.0,San Lorenzo,82119.0,10000,10000,45000,4500
trigo total,2011,2011/2012,Chaco,22.0,San Lorenzo,22147.0,1500,1440,1660,1153
trigo total,2011,2011/2012,Santa Fe,82.0,Rosario,82084.0,9000,9000,40500,4500
trigo total,2011,2011/2012,Santa Fe,82.0,Caseros,82014.0,16200,16200,72900,4500
trigo total,2012,2012/2013,Santa Fe,82.0,San Lorenzo,82119.0,21393,17393,55660,3200
trigo total,2012,2012/2013,Santa Fe,82.0,Villa Constitución,82028.0,25861,25861,82760,3200
trigo total,2012,2012/2013,Santa Fe,82.0,Caseros,82014.0,21533,21533,68910,3200
trigo total,2012,2012/2013,Santa Fe,82.0,Rosario,82084.0,20930,20930,66980,3200
trigo total,2012,2012/2013,Chaco,22.0,San Lorenzo,22147.0,250,150,120,800
trigo total,2013,2013/2014,Chaco,22.0,San Lorenzo,22147.0,900,300,140,467
trigo total,2013,2013/2014,Santa Fe,82.0,Villa Constitución,82028.0,26000,26000,62400,2400
trigo total,2013,2013/2014,Santa Fe,82.0,Rosario,82084.0,19000,19000,38000,2000
trigo total,2013,2013/2014,Santa Fe,82.0,San Lorenzo,82119.0,21000,21000,46200,2200
trigo total,2013,2013/2014,Santa Fe,82.0,Caseros,82014.0,24000,24000,52800,2200
trigo total,2014,2014/2015,Chaco,22.0,San Lorenzo,22147.0,400,400,280,700
trigo total,2014,2014/2015,Santa Fe,82.0,Caseros,82014.0,35500,35250,116330,3300
trigo total,2014,2014/2015,Santa Fe,82.0,San Lorenzo,82119.0,28650,28450,93890,3300
trigo total,2014,2014/2015,Santa Fe,82.0,Rosario,82084.0,35750,35490,117120,3300
trigo total,2014,2014/2015,Santa Fe,82.0,Villa Constitución,82028.0,40100,39810,135350,3400
trigo total,2015,2015/2016,Chaco,22.0,San Lorenzo,22147.0,670,550,550,1000
trigo total,2015,2015/2016,Santa Fe,82.0,Rosario,82084.0,13600,12600,44100,3500
trigo total,2015,2015/2016,Santa Fe,82.0,Villa Constitución,82028.0,23310,22510,81040,3600
trigo total,2015,2015/2016,Santa Fe,82.0,San Lorenzo,82119.0,19250,16750,61980,3700
trigo total,2015,2015/2016,Santa Fe,82.0,Caseros,82014.0,20160,15160,56090,3700
trigo total,2016,2016/2017,Santa Fe,82.0,Rosario,82084.0,30500,26000,106600,4100
trigo total,2016,2016/2017,Santa Fe,82.0,Caseros,82014.0,41700,36700,154140,4200
trigo total,2016,2016/2017,Chaco,22.0,San Lorenzo,22147.0,800,520,572,1100
trigo total,2016,2016/2017,Santa Fe,82.0,Villa Constitución,82028.0,53100,47100,183690,3900
trigo total,2016,2016/2017,Santa Fe,82.0,San Lorenzo,82119.0,38500,34000,132600,3900
trigo total,2017,2017/2018,Santa Fe,82.0,Rosario,82084.0,33020,33020,141986,4300
trigo total,2017,2017/2018,Santa Fe,82.0,Villa Constitución,82028.0,42730,42730,175193,4100
trigo total,2017,2017/2018,Chaco,22.0,San Lorenzo,22147.0,924,869,1043,1200
trigo total,2017,2017/2018,Santa Fe,82.0,San Lorenzo,82119.0,49860,49860,214398,4300
trigo total,2017,2017/2018,Santa Fe,82.0,Caseros,82014.0,39670,39670,174548,4400
trigo total,2018,2018/2019,Santa Fe,82.0,Villa Constitución,82028.0,58685,58685,176055,3000
trigo total,2018,2018/2019,Santa Fe,82.0,San Lorenzo,82119.0,40780,40780,114184,2800
trigo total,2018,2018/2019,Chaco,22.0,San Lorenzo,22147.0,966,966,1642,1700
trigo total,2018,2018/2019,Santa Fe,82.0,Caseros,82014.0,49405,49405,138334,2800
trigo total,2018,2018/2019,Santa Fe,82.0,Rosario,82084.0,37030,37030,103684,2800
trigo total,2019,2019/2020,Santa Fe,82.0,Villa Constitución,82028.0,58600,58600,216820,3700
trigo total,2019,2019/2020,Chaco,22.0,San Lorenzo,22147.0,828,825,1485,1800
trigo total,2019,2019/2020,Santa Fe,82.0,San Lorenzo,82119.0,40300,40300,157170,3900
trigo total,2019,2019/2020,Santa Fe,82.0,Rosario,82084.0,36900,36900,136530,3700
trigo total,2019,2019/2020,Santa Fe,82.0,Caseros,82014.0,49200,49200,191880,3900
trigo total,2020,2020/2021,Santa Fe,82.0,Rosario,82084.0,36900,36900,81180,2200
trigo total,2020,2020/2021,Santa Fe,82.0,Caseros,82014.0,44300,44300,101890,2300
trigo total,2020,2020/2021,Chaco,22.0,San Lorenzo,22147.0,750,50,25,500
trigo total,2020,2020/2021,Santa Fe,82.0,Villa Constitución,82028.0,57500,57500,138000,2400
trigo total,2020,2020/2021,Santa Fe,82.0,San Lorenzo,82119.0,39500,39500,86900,2200
trigo total,2021,2021/2022,Santa Fe,82.0,San Lorenzo,82119.0,37500,37500,180000,4800
trigo total,2021,2021/2022,Chaco,22.0,San Lorenzo,22147.0,100,100,70,700
trigo total,2021,2021/2022,Santa Fe,82.0,Villa Constitución,82028.0,46200,46200,221760,4800
trigo total,2021,2021/2022,Santa Fe,82.0,Rosario,82084.0,20800,20800,99840,4800
trigo total,2021,2021/2022,Santa Fe,82.0,Caseros,82014.0,47500,47500,228000,4800
trigo total,2022,2022/2023,Santa Fe,82.0,Villa Constitución,82028.0,35614,26614,30606,1150
trigo total,2022,2022/2023,Chaco,22.0,San Lorenzo,22147.0,200,198,158,798
trigo total,2022,2022/2023,Santa Fe,82.0,San Lorenzo,82119.0,30860,25860,37497,1450
trigo total,2022,2022/2023,Santa Fe,82.0,Rosario,82084.0,16000,11000,11550,1050
trigo total,2022,2022/2023,Santa Fe,82.0,Caseros,82014.0,33963,27963,40546,1450
trigo total,2023,2023/2024,Santa Fe,82.0,Rosario,82084.0,24000,24000,96000,4000
trigo total,2023,2023/2024,Chaco,22.0,San Lorenzo,22147.0,500,500,300,600
trigo total,2023,2023/2024,Santa Fe,82.0,Caseros,82014.0,34000,34000,136000,4000
trigo total,2023,2023/2024,Santa Fe,82.0,San Lorenzo,82119.0,27000,27000,108000,4000
trigo total,2023,2023/2024,Santa Fe,82.0,Villa Constitución,82028.0,39000,39000,156000,4000
trigo total,2024,2024/2025,Santa Fe,82.0,Villa Constitución,82028.0,51000,51000,188700,3700
trigo total,2024,2024/2025,Chaco,22.0,San Lorenzo,22147.0,1000,900,900,1000
trigo total,2024,2024/2025,Santa Fe,82.0,Rosario,82084.0,27000,27000,99900,3700
trigo total,2024,2024/2025,Santa Fe,82.0,San Lorenzo,82119.0,34000,34000,125800,3700
trigo total,2024,2024/2025,Santa Fe,82.0,Caseros,82014.0,48000,48000,172800,3600
